-- Таблица пациенты
INSERT INTO patients (firstname, lastname, birthday)
VALUES 
	('Edwardo','Koelpin','1984-06-08'),
	('Antonietta','Gibson','1976-02-25'),
	('Unique','Schmitt','1992-03-11'),
	('Hillard','VonRueden','1985-10-15'),
	('Wellington','Kutch','1974-11-23'),
	('Elda','Franecki','2021-06-07'),
	('Myles','Gleason','2015-08-21'),
	('Bette','Murazik','1983-02-12'),
	('Carissa','Bashirian','2001-02-24'),
	('Easton','Kris','1989-09-08'),
	('Bradford','Treutel','1999-02-10'),
	('Tabitha','Bode','2006-10-28'),
	('Cyrus','Hane','1994-04-18'),
	('Liliana','Tremblay','1994-06-01'),
	('Tyree','Jenkins','1986-04-13'),
	('Betty','Harber','2006-07-07'),
	('Christiana','Bernhard','1985-06-01'),
	('Linnea','McKenzie','2019-07-21'),
	('Camila','Grady','2014-07-17'),
	('Maverick','Jakubowski','1981-06-02');

-- Таблица с данными пациентов, поликлинику добавим потом отдельно

INSERT INTO patient_data (patient_id, gender, phone, hometown, 
	adress, pasport, snils, med_polis)
VALUES 
	(1,'муж','87567569808776','Вологда','Космонавтов 30-40','657348637','5763847563','89734856376'),
	(2,'жен','64657877890907','Череповец','Гагарина 25-12','7364547435','4564576576','34564556'),
	(3,'жен','87644342368898','Череповец','Мамлеева 69-25','34546665','345354667','34536675'),
	(4,'муж','43323566769999','Кадуй','Коммунистов 10-23','3425453456','45365756','453465467'),
	(5,'муж','12345678765436','Сямжа','Парковая 45-13','534254356','234365567','457567356'),
	(6,'жен','87665443245696','Кадуй','Беляева 29-10','34656547','5646756756','45645756'),
	(7,'муж','09878563236567','Вологда','Чкалова 16-20','342345365','45346556','4365546567'),
	(8,'жен','32343467879879','Череповец','Набережная 30-45','645766576','45643576567','45646456'),
	(9,'жен','54654765878975','Кадуй','Комсомольцев 21-40','123432453','346546756','345476567'),
	(10,'муж','4245587798709','Вологда','Рубенштейна 30-76','1343453456','43564567567','56456567'),
	(11,'муж','4343465567587','Сямжа','Челюскинцев 60-40','454365556','346554566','564564'),
	(12,'жен','4254676876868','Череповец','Парковая 55-90','34564566','635647676','34546547'),
	(13,'муж','5435656768768','Кадуй','Голубева 26-65','456456456','345564567','45643567'),
	(14,'жен','4245768789788','Вологда','Комсомольская 43-21','456546456','356456567','45647665'),
	(15,'муж','5436587698789','Вологда','Ветеранов 53-12','45656456','4564537657','3465476657'),
	(16,'жен','5365768768798','Череповец','Весенняя 64-34','34345456','565675678','56547658'),
	(17,'жен','6445365878990','Сямжа','Республиканская 12-56','76563453','3564756787','654575676'),
	(18,'жен','5346578687987','Кадуй','Ветеранов 32-43','4564576576','564565676','465456547'),
	(19,'жен','6535447898989','Вологда','Комсомольская 19-55','5646756','364567567','34654657'),
	(20,'муж','6535467587990','Череповец','Чкалова 62-56','45435645645','34645657','436546767');

-- Таблица вид мазка
INSERT INTO var_mazok 
VALUES 
	(1,'Экспресс-тест'),
	(2,'ПЦР-тест');




-- Таблица бригад по взятию мазков в поликлинике


INSERT INTO brigade_mazok 
VALUES 
	(1,'Evans Flatley','Lockman'),
	(2,'Roberta Koss','Kuhic'),
	(3,'Ashleigh Strosin','Crona'),
	(4,'Judah Ziemann','Reichel'),
	(5,'Dr. Rey Stokes','Amore'),
	(6,'Conrad Toy','Klocko'),
	(7,'Ima Goyette','Wyman'),
	(8,'Tracy Bartell','Powlowski'),
	(9,'Mrs. Candace Bartoletti MD','Smith'),
	(10,'Mr. Royal Botsford','Bosco');

-- Таблица бригад по взятию мазков в моногоспитале

INSERT INTO brigade_hospital 
VALUES 
	(11,'Joany Nicolas I','Rolfson'),
	(12,'Prof. Joan Quigley III','O\'Reilly'),
	(13,'Lon Hand','Reinger'),
	(14,'Jermey Maggio','Berge'),
	(15,'Emmy Crist','Sipes'),
	(16,'Mackenzie Berge','Gaylord');




-- Таблица мазков

INSERT INTO mazoks (patient_id, var_mazok_id, mazok_result, mazok_date, brigade_id)
VALUES
	('2', '2', 'отрицательный', '2019-03-05', '4'),
	('17', '1', 'положительный', '2019-03-26', '10'),
	('10', '1', 'положительный', '2019-04-06', '1'),
	('13', '2', 'отрицательный', '2019-04-08', '7'),
	('11', '2', 'положительный', '2019-04-15', '9'),
	('3', '2', 'положительный', '2019-04-20', '6'),
	('10', '1', 'отрицательный', '2019-04-27', '3'),
	('13', '2', 'положительный', '2019-05-01', '8'),
	('8', '1', 'отрицательный', '2019-03-06', '4'),
	('15', '1', 'положительный', '2019-04-07', '2'),
	('9', '2', 'положительный', '2019-04-10', '8'),
	('5', '1', 'отрицательный', '2019-04-15', '9'),
	('12', '2', 'положительный', '2019-04-22', '5');


-- Таблица состояние пациентов

INSERT INTO condition_patient (patient_id, name_condition)
VALUES
	(1, 'Здоров'),
	(2, 'Здоров'),
	(3, 'Болен/носитель COVID-19'),
	(4, 'Здоров'),
	(5, 'Здоров'),
	(6, 'Здоров'),
	(7, 'Здоров'),
	(8, 'Здоров'),
	(9, 'Болен/носитель COVID-19'),
	(10, 'Здоров'),
	(11, 'Болен/носитель COVID-19'),
	(12, 'Болен/носитель COVID-19'),
	(13, 'Болен/носитель COVID-19'),
	(14, 'Здоров'),
	(15, 'Болен/носитель COVID-19'),
	(16, 'Здоров'),
	(17, 'Болен/носитель COVID-19'),
	(18, 'Здоров'),
	(19, 'Здоров'),
	(20, 'Здоров');

-- Таблица поликлиник

INSERT INTO polyclinics (polyclinic_name, patient_id)
VALUES
	('ВЦП', '1'),
	('ЧЦП', '2'),
	('КЦП', '4'),
	('СЦП', '5'),
	('ЧЦП', '3'),
	('ВЦП', '7'),
	('ВЦП', '10'),
	('КЦП', '6'),
	('ЧЦП', '8'),
	('КЦП', '9'),
	('СЦП', '11'),
	('ЧЦП', '12'),
	('КЦП', '13'),
	('ВЦП', '14'),
	('ВЦП', '15'),
	('ЧЦП', '16'),
	('СЦП', '17'),
	('КЦП', '18'),
	('ВЦП', '19'),
	('ЧЦП', '20');

-- Таблица моногоспиталей

INSERT INTO hospitals (name_hospital, patient_id, hospital_date)
VALUES
	('ЧМГ', '3', '2019-04-20'),
	('ЧМГ', '9', '2019-04-10'),
	('ЧМГ', '12', '2019-04-22'),
	('ЧМГ', '13', '2019-05-01'),
	('ВМГ', '11', '2019-04-15'),
	('ВМГ', '15', '2019-04-07'),
	('ВМГ', '17', '2019-03-26');



-- Таблица контакты

INSERT INTO contacts (from_patient_id, to_patient_id, created_at) 
VALUES 
	('12', '8', '2019-03-05'),
	('17', '11', '2019-03-26'),
	('15', '10', '2019-04-06'),
	('13', '9', '2019-04-08'),
	('11', '5', '2019-04-15'),
	('3', '12', '2019-04-20'),
	('13', '9', '2019-05-01');

	













